[{"model": "user.user", "pk": 1, "fields": {"name": "sanchits", "username": "sanchits", "roll": "190753", "email": "sanchits@iitk.ac.in", "password": "$2b$12$.Gb9U4uxzYQXv9ZyPb1.B.0YI3amwUbdAbqdY0f2.gktBnZGHdeVO", "contact": "N/A", "address": "N/A", "designation": "sanchits", "roles": "patient"}}, {"model": "user.user", "pk": 2, "fields": {"name": "hcadmin_name", "username": "hcadmin_name", "roll": "121211", "email": "hcadmin_name@iitk.ac.in", "password": "$2b$12$/Mg1YSfrCLzVtGMSxnkblOiqyAhV.kkaqrEMrfwn.8ij3wOxzj/OW", "contact": "N/A", "address": "N/A", "designation": "hcadmin_name", "roles": "hcadmin"}}, {"model": "user.user", "pk": 3, "fields": {"name": "doctor_name", "username": "doctor_name", "roll": "190751", "email": "doctor_name@iitk.ac.in", "password": "$2b$12$bK.T6Fa5OSwhJPhE92IOJO3/eJV9ZKtzC22UsIPs9E3mVTisgdr8S", "contact": "N/A", "address": "N/A", "designation": "doctor_name", "roles": "doctor"}}, {"model": "user.user", "pk": 4, "fields": {"name": "doctor_name2", "username": "doctor_name2", "roll": "190818", "email": "doctor_name2@iitk.ac.in", "password": "$2b$12$WxsebHHVWR7qmN0hTz6sluIi38DwIN56.lvibT8C83aMfOG.5Y2qa", "contact": "N/A", "address": "N/A", "designation": "doctor_name2", "roles": "doctor"}}, {"model": "user.user", "pk": 5, "fields": {"name": "accounts_name", "username": "accounts_name", "roll": "123456", "email": "accounts_name@iitk.ac.in", "password": "$2b$12$zJpetpGsb52g0HpA7M8X6.oYXOKUut.XyuCXG85V0IgOZhcHAc1we", "contact": "N/A", "address": "N/A", "designation": "accounts_name", "roles": "accounts"}}, {"model": "user.user", "pk": 6, "fields": {"name": "none", "username": "none", "roll": "111111", "email": "none@iitk.ac.in", "password": "$2b$12$/Mg1YSfrCLzVtGMSxnkblOiqyAhV.kkaqrEMrfwn.8ij3wOxzj/OW", "contact": "N/A", "address": "N/A", "designation": "none", "roles": "none"}}, {"model": "user.user", "pk": 7, "fields": {"name": "hcadmin_name2", "username": "hcadmin_name2", "roll": "123454", "email": "hcadmin_name2@iitk.ac.in", "password": "$2b$12$R1ZBSSQuDE9iImrxpDP07uKVnOZD.4Qz5pdqX56GrcPTzwen5Oq1a", "contact": "N/A", "address": "N/A", "designation": "hcadmin_name2", "roles": "hcadmin"}}, {"model": "user.user", "pk": 8, "fields": {"name": "hcadmin_name3", "username": "hcadmin_name3", "roll": "190756", "email": "hcadmin_name3@iitk.ac.in", "password": "$2b$12$EQ1OVgS17wBmEuPFK30XY.2jBQWDWqYfMle6zAG6DBYfOg/f6/9XK", "contact": "N/A", "address": "N/A", "designation": "hcadmin_name3", "roles": "hcadmin"}}, {"model": "user.user", "pk": 9, "fields": {"name": "doctor_name3", "username": "doctor_name3", "roll": "123450", "email": "doctor_name3@iitk.ac.in", "password": "$2b$12$TYdpp9ADBcGzANwuYyA2DOFrAWpXWKVteg6gUrkAMpGPEg1nY1d0u", "contact": "N/A", "address": "N/A", "designation": "des_doctor_name3", "roles": "doctor"}}, {"model": "user.user", "pk": 10, "fields": {"name": "shoryak", "username": "Shorya", "roll": "190819", "email": "shoryak@iitk.ac.in", "password": "$2b$12$0pZMl73ZxRAuaMm.lHQ3A.UZykTtsx8IybCzMqku5z2MhZMpuIbMq", "contact": "N/A", "address": "N/A", "designation": "shoryak-student", "roles": "patient"}}, {"model": "user.user", "pk": 11, "fields": {"name": "patient3", "username": "patient3", "roll": "190800", "email": "patient3@iitk.ac.in", "password": "$2b$12$XpWv.39lpTeS7qOdo7YbH.fS7EWpFMd.PlFXuLFP2CV8iD9tM9DP2", "contact": "N/A", "address": "N/A", "designation": "user3-desgn", "roles": "patient"}}, {"model": "user.user", "pk": 12, "fields": {"name": "accounts_name_2", "username": "accounts_name_2", "roll": "123488", "email": "accounts_name_2@iitk.ac.in", "password": "$2b$12$JeG.XTW0u4PXstYVQsm1oe18VAXGSTbQIWB2Zbgw2egMZMr30.cny", "contact": "N/A", "address": "N/A", "designation": "accounts_name_2-desg", "roles": "accounts"}}, {"model": "user.user", "pk": 13, "fields": {"name": "accounts_name_3", "username": "accounts_name_3", "roll": "123888", "email": "accounts_name_3@iitk.ac.in", "password": "$2b$12$kij3GT7.7mt2vmS6LEkofOh6VA2N2DjpkB3sGuQ5hFITI9NAN3snW", "contact": "N/A", "address": "N/A", "designation": "accounts_name_3-des", "roles": "accounts"}}, {"model": "user.patient", "pk": 1, "fields": {"user": 1, "bank_name": "N/A", "department": "sanchits", "bank_IFSC": "N/A", "bank_AC": "N/A"}}, {"model": "user.patient", "pk": 2, "fields": {"user": 10, "bank_name": "N/A", "department": "shoryak-EE", "bank_IFSC": "N/A", "bank_AC": "N/A"}}, {"model": "user.patient", "pk": 3, "fields": {"user": 11, "bank_name": "N/A", "department": "user3-dep", "bank_IFSC": "N/A", "bank_AC": "N/A"}}, {"model": "user.doctor", "pk": 1, "fields": {"user": 3, "specialization": "1"}}, {"model": "user.doctor", "pk": 2, "fields": {"user": 4, "specialization": "2"}}, {"model": "user.doctor", "pk": 3, "fields": {"user": 9, "specialization": "N/A"}}, {"model": "user.hcadmin", "pk": 1, "fields": {"user": 2}}, {"model": "user.hcadmin", "pk": 2, "fields": {"user": 7}}, {"model": "user.hcadmin", "pk": 3, "fields": {"user": 8}}, {"model": "user.accounts", "pk": 1, "fields": {"user": 5}}, {"model": "user.accounts", "pk": 2, "fields": {"user": 12}}, {"model": "user.accounts", "pk": 3, "fields": {"user": 13}}, {"model": "user.form", "pk": 1, "fields": {"patient": 1, "patient_name": "pat-1", "relationship": "no-1", "hc_medical_advisor": 1, "consultation_date": "2022-03-07T00:00:00Z", "referral_advisor": "spl-1", "consultation_fees": "100.00", "consultation_visits": "2.00", "created_date": "2022-03-23T12:10:16.742Z"}}, {"model": "user.form", "pk": 2, "fields": {"patient": 1, "patient_name": "pat-1", "relationship": "no-1", "hc_medical_advisor": 1, "consultation_date": "2022-03-07T00:00:00Z", "referral_advisor": "spl-1", "consultation_fees": "100.00", "consultation_visits": "2.00", "created_date": "2022-03-23T12:10:42.667Z"}}, {"model": "user.form", "pk": 3, "fields": {"patient": 1, "patient_name": "pat-1", "relationship": "no-1", "hc_medical_advisor": 1, "consultation_date": "2022-03-07T00:00:00Z", "referral_advisor": "spl-1", "consultation_fees": "100.00", "consultation_visits": "2.00", "created_date": "2022-03-23T12:10:56.524Z"}}, {"model": "user.form", "pk": 4, "fields": {"patient": 1, "patient_name": "pat-1", "relationship": "no-1", "hc_medical_advisor": 1, "consultation_date": "2022-03-07T00:00:00Z", "referral_advisor": "spl-1", "consultation_fees": "100.00", "consultation_visits": "2.00", "created_date": "2022-03-23T12:11:03.195Z"}}, {"model": "user.form", "pk": 5, "fields": {"patient": 1, "patient_name": "pat-1", "relationship": "no-1", "hc_medical_advisor": 1, "consultation_date": "2022-03-07T00:00:00Z", "referral_advisor": "spl-1", "consultation_fees": "100.00", "consultation_visits": "2.00", "created_date": "2022-03-23T12:11:21.595Z"}}, {"model": "user.form", "pk": 6, "fields": {"patient": 1, "patient_name": "pat-1", "relationship": "no-1", "hc_medical_advisor": 1, "consultation_date": "2022-03-07T00:00:00Z", "referral_advisor": "spl-1", "consultation_fees": "100.00", "consultation_visits": "2.00", "created_date": "2022-03-23T12:11:27.859Z"}}, {"model": "user.form", "pk": 7, "fields": {"patient": 1, "patient_name": "pat-1", "relationship": "no-1", "hc_medical_advisor": 1, "consultation_date": "2022-03-07T00:00:00Z", "referral_advisor": "spl-1", "consultation_fees": "100.00", "consultation_visits": "2.00", "created_date": "2022-03-23T12:11:36.070Z"}}, {"model": "user.form", "pk": 8, "fields": {"patient": 1, "patient_name": "pat-1", "relationship": "no-1", "hc_medical_advisor": 1, "consultation_date": "2022-03-07T00:00:00Z", "referral_advisor": "spl-1", "consultation_fees": "100.00", "consultation_visits": "2.00", "created_date": "2022-03-23T12:11:41.224Z"}}, {"model": "user.form", "pk": 9, "fields": {"patient": 1, "patient_name": "pat-1", "relationship": "no-1", "hc_medical_advisor": 1, "consultation_date": "2022-03-07T00:00:00Z", "referral_advisor": "spl-1", "consultation_fees": "100.00", "consultation_visits": "2.00", "created_date": "2022-03-23T12:11:51.751Z"}}, {"model": "user.form", "pk": 10, "fields": {"patient": 1, "patient_name": "pat-1", "relationship": "no-1", "hc_medical_advisor": 1, "consultation_date": "2022-03-07T00:00:00Z", "referral_advisor": "spl-1", "consultation_fees": "100.00", "consultation_visits": "2.00", "created_date": "2022-03-23T12:12:48.253Z"}}, {"model": "user.form", "pk": 11, "fields": {"patient": 1, "patient_name": "pat-1", "relationship": "no-1", "hc_medical_advisor": 1, "consultation_date": "2022-03-07T00:00:00Z", "referral_advisor": "spl-1", "consultation_fees": "100.00", "consultation_visits": "2.00", "created_date": "2022-03-23T12:13:15.021Z"}}, {"model": "user.form", "pk": 12, "fields": {"patient": 1, "patient_name": "pat-1", "relationship": "no-1", "hc_medical_advisor": 1, "consultation_date": "2022-03-07T00:00:00Z", "referral_advisor": "spl-1", "consultation_fees": "100.00", "consultation_visits": "2.00", "created_date": "2022-03-23T12:13:21.073Z"}}, {"model": "user.form", "pk": 13, "fields": {"patient": 1, "patient_name": "pat-1", "relationship": "no-1", "hc_medical_advisor": 1, "consultation_date": "2022-03-07T00:00:00Z", "referral_advisor": "spl-1", "consultation_fees": "100.00", "consultation_visits": "2.00", "created_date": "2022-03-23T12:13:25.787Z"}}, {"model": "user.form", "pk": 14, "fields": {"patient": 1, "patient_name": "pat-1", "relationship": "no-1", "hc_medical_advisor": 1, "consultation_date": "2022-03-07T00:00:00Z", "referral_advisor": "spl-1", "consultation_fees": "100.00", "consultation_visits": "2.00", "created_date": "2022-03-23T12:13:31.555Z"}}, {"model": "user.form", "pk": 15, "fields": {"patient": 1, "patient_name": "pat-1", "relationship": "no-1", "hc_medical_advisor": 1, "consultation_date": "2022-03-08T00:00:00Z", "referral_advisor": "spl-1", "consultation_fees": "1000.00", "consultation_visits": "2.00", "created_date": "2022-03-23T13:50:17.719Z"}}, {"model": "user.form", "pk": 16, "fields": {"patient": 1, "patient_name": "pat-1", "relationship": "no-1", "hc_medical_advisor": 1, "consultation_date": "2022-03-07T00:00:00Z", "referral_advisor": "sqqww", "consultation_fees": "100.00", "consultation_visits": "2.00", "created_date": "2022-03-23T13:52:32.822Z"}}, {"model": "user.form", "pk": 17, "fields": {"patient": 1, "patient_name": "pat-1", "relationship": "no-1", "hc_medical_advisor": 1, "consultation_date": "2022-03-07T00:00:00Z", "referral_advisor": "sqqww", "consultation_fees": "100.00", "consultation_visits": "2.00", "created_date": "2022-03-23T13:52:57.622Z"}}, {"model": "user.form", "pk": 18, "fields": {"patient": 1, "patient_name": "pat-1", "relationship": "no-1", "hc_medical_advisor": 1, "consultation_date": "2022-03-07T00:00:00Z", "referral_advisor": "sqqww", "consultation_fees": "100.00", "consultation_visits": "2.00", "created_date": "2022-03-23T13:53:38.421Z"}}, {"model": "user.form", "pk": 19, "fields": {"patient": 1, "patient_name": "pat-2", "relationship": "no-2", "hc_medical_advisor": 1, "consultation_date": "2022-03-16T00:00:00Z", "referral_advisor": "spl-2", "consultation_fees": "1000.00", "consultation_visits": "3.00", "created_date": "2022-03-23T13:55:48.732Z"}}, {"model": "user.form", "pk": 20, "fields": {"patient": 1, "patient_name": "sasas", "relationship": "asas", "hc_medical_advisor": 1, "consultation_date": "2022-02-28T00:00:00Z", "referral_advisor": "qwqw", "consultation_fees": "1122.00", "consultation_visits": "1.00", "created_date": "2022-03-23T13:58:22.787Z"}}, {"model": "user.form", "pk": 21, "fields": {"patient": 1, "patient_name": "sasas", "relationship": "asas", "hc_medical_advisor": 1, "consultation_date": "2022-02-28T00:00:00Z", "referral_advisor": "qwqw", "consultation_fees": "1122.00", "consultation_visits": "1.00", "created_date": "2022-03-23T14:00:10.008Z"}}, {"model": "user.form", "pk": 22, "fields": {"patient": 1, "patient_name": "pat-2", "relationship": "no-1", "hc_medical_advisor": 1, "consultation_date": "2022-03-09T00:00:00Z", "referral_advisor": "spl11", "consultation_fees": "1000.00", "consultation_visits": "2.00", "created_date": "2022-03-23T14:09:41.058Z"}}, {"model": "user.form", "pk": 23, "fields": {"patient": 1, "patient_name": "patn1", "relationship": "non1", "hc_medical_advisor": 1, "consultation_date": "2022-03-02T00:00:00Z", "referral_advisor": "spl-n1", "consultation_fees": "100.00", "consultation_visits": "1.00", "created_date": "2022-03-24T17:15:10.746Z"}}, {"model": "user.form", "pk": 24, "fields": {"patient": 1, "patient_name": "pan1", "relationship": "non1", "hc_medical_advisor": 1, "consultation_date": "2022-03-09T00:00:00Z", "referral_advisor": "spln1", "consultation_fees": "100.00", "consultation_visits": "1.00", "created_date": "2022-03-24T17:16:35.046Z"}}, {"model": "user.form", "pk": 25, "fields": {"patient": 1, "patient_name": "patn1", "relationship": "non1", "hc_medical_advisor": 2, "consultation_date": "2022-03-09T00:00:00Z", "referral_advisor": "spln1", "consultation_fees": "100.00", "consultation_visits": "2.00", "created_date": "2022-03-24T17:19:12.424Z"}}, {"model": "user.form", "pk": 26, "fields": {"patient": 1, "patient_name": "asas", "relationship": "asas", "hc_medical_advisor": 2, "consultation_date": "2022-03-17T00:00:00Z", "referral_advisor": "asas", "consultation_fees": "1212.00", "consultation_visits": "1.00", "created_date": "2022-03-24T17:20:17.904Z"}}, {"model": "user.form", "pk": 27, "fields": {"patient": 1, "patient_name": "n3", "relationship": "n3", "hc_medical_advisor": 1, "consultation_date": "2022-03-09T00:00:00Z", "referral_advisor": "asas", "consultation_fees": "0.05", "consultation_visits": "1.00", "created_date": "2022-03-24T17:26:32.028Z"}}, {"model": "user.form", "pk": 28, "fields": {"patient": 1, "patient_name": "n33", "relationship": "n33", "hc_medical_advisor": 1, "consultation_date": "2022-03-09T00:00:00Z", "referral_advisor": "n33", "consultation_fees": "100.00", "consultation_visits": "1.00", "created_date": "2022-03-24T17:30:08.613Z"}}, {"model": "user.form", "pk": 29, "fields": {"patient": 1, "patient_name": "n32", "relationship": "n32", "hc_medical_advisor": 1, "consultation_date": "2022-03-10T00:00:00Z", "referral_advisor": "n32", "consultation_fees": "100.00", "consultation_visits": "2.00", "created_date": "2022-03-24T17:32:50.994Z"}}, {"model": "user.form", "pk": 30, "fields": {"patient": 1, "patient_name": "nnew", "relationship": "nnew", "hc_medical_advisor": 1, "consultation_date": "2022-03-08T00:00:00Z", "referral_advisor": "nnew", "consultation_fees": "1.00", "consultation_visits": "1.00", "created_date": "2022-03-24T18:11:46.087Z"}}, {"model": "user.form", "pk": 31, "fields": {"patient": 1, "patient_name": "newn1", "relationship": "newn1", "hc_medical_advisor": 1, "consultation_date": "2022-03-16T00:00:00Z", "referral_advisor": "newn1", "consultation_fees": "1.00", "consultation_visits": "1.00", "created_date": "2022-03-24T18:16:57.927Z"}}, {"model": "user.transaction", "pk": 1, "fields": {"form": 18, "status": "Form submitted", "reimbursement_amount": "251.00", "feedback": "", "created_date": "2022-03-23T13:53:38.478Z", "admin_update_date": "2000-01-01T00:00:00Z", "doctor_update_date": "2000-01-01T00:00:00Z", "account_sent_date": "2000-01-01T00:00:00Z", "account_approve_date": "2000-01-01T00:00:00Z"}}, {"model": "user.transaction", "pk": 2, "fields": {"form": 19, "status": "Form submitted", "reimbursement_amount": "3605.00", "feedback": "", "created_date": "2022-03-23T13:55:48.787Z", "admin_update_date": "2000-01-01T00:00:00Z", "doctor_update_date": "2000-01-01T00:00:00Z", "account_sent_date": "2000-01-01T00:00:00Z", "account_approve_date": "2000-01-01T00:00:00Z"}}, {"model": "user.transaction", "pk": 3, "fields": {"form": 21, "status": "Form submitted", "reimbursement_amount": "1150.00", "feedback": "", "created_date": "2022-03-23T14:00:10.051Z", "admin_update_date": "2000-01-01T00:00:00Z", "doctor_update_date": "2000-01-01T00:00:00Z", "account_sent_date": "2000-01-01T00:00:00Z", "account_approve_date": "2000-01-01T00:00:00Z"}}, {"model": "user.transaction", "pk": 4, "fields": {"form": 22, "status": "Form submitted", "reimbursement_amount": "2608.00", "feedback": "", "created_date": "2022-03-23T14:09:41.122Z", "admin_update_date": "2000-01-01T00:00:00Z", "doctor_update_date": "2000-01-01T00:00:00Z", "account_sent_date": "2000-01-01T00:00:00Z", "account_approve_date": "2000-01-01T00:00:00Z"}}, {"model": "user.transaction", "pk": 5, "fields": {"form": 26, "status": "Form submitted", "reimbursement_amount": "1418.00", "feedback": "", "created_date": "2022-03-24T17:20:17.936Z", "admin_update_date": "2000-01-01T00:00:00Z", "doctor_update_date": "2000-01-01T00:00:00Z", "account_sent_date": "2000-01-01T00:00:00Z", "account_approve_date": "2000-01-01T00:00:00Z"}}, {"model": "user.transaction", "pk": 6, "fields": {"form": 27, "status": "Form submitted", "reimbursement_amount": "4.09", "feedback": "", "created_date": "2022-03-24T17:26:32.064Z", "admin_update_date": "2000-01-01T00:00:00Z", "doctor_update_date": "2000-01-01T00:00:00Z", "account_sent_date": "2000-01-01T00:00:00Z", "account_approve_date": "2000-01-01T00:00:00Z"}}, {"model": "user.transaction", "pk": 7, "fields": {"form": 28, "status": "Form submitted", "reimbursement_amount": "303.00", "feedback": "", "created_date": "2022-03-24T17:30:08.644Z", "admin_update_date": "2000-01-01T00:00:00Z", "doctor_update_date": "2000-01-01T00:00:00Z", "account_sent_date": "2000-01-01T00:00:00Z", "account_approve_date": "2000-01-01T00:00:00Z"}}, {"model": "user.transaction", "pk": 8, "fields": {"form": 29, "status": "Form submitted", "reimbursement_amount": "205.00", "feedback": "", "created_date": "2022-03-24T17:32:51.026Z", "admin_update_date": "2000-01-01T00:00:00Z", "doctor_update_date": "2000-01-01T00:00:00Z", "account_sent_date": "2000-01-01T00:00:00Z", "account_approve_date": "2000-01-01T00:00:00Z"}}, {"model": "user.transaction", "pk": 9, "fields": {"form": 30, "status": "Form submitted", "reimbursement_amount": "1.00", "feedback": "", "created_date": "2022-03-24T18:11:46.097Z", "admin_update_date": "2000-01-01T00:00:00Z", "doctor_update_date": "2000-01-01T00:00:00Z", "account_sent_date": "2000-01-01T00:00:00Z", "account_approve_date": "2000-01-01T00:00:00Z"}}, {"model": "user.transaction", "pk": 10, "fields": {"form": 31, "status": "Form submitted", "reimbursement_amount": "1.00", "feedback": "", "created_date": "2022-03-24T18:16:57.935Z", "admin_update_date": "2000-01-01T00:00:00Z", "doctor_update_date": "2000-01-01T00:00:00Z", "account_sent_date": "2000-01-01T00:00:00Z", "account_approve_date": "2000-01-01T00:00:00Z"}}, {"model": "user.medicine", "pk": 1, "fields": {"medicine_name": "med1", "brand": "med1", "price": "1.00"}}, {"model": "user.medicine", "pk": 2, "fields": {"medicine_name": "med2", "brand": "med2", "price": "2.00"}}, {"model": "user.medicine", "pk": 3, "fields": {"medicine_name": "med3", "brand": "med3", "price": "3.00"}}, {"model": "user.formmedicine", "pk": 1, "fields": {"form": 2, "medicine": 1, "quantity": 2}}, {"model": "user.formmedicine", "pk": 2, "fields": {"form": 3, "medicine": 1, "quantity": 2}}, {"model": "user.formmedicine", "pk": 3, "fields": {"form": 3, "medicine": 2, "quantity": 3}}, {"model": "user.formmedicine", "pk": 4, "fields": {"form": 4, "medicine": 1, "quantity": 2}}, {"model": "user.formmedicine", "pk": 5, "fields": {"form": 4, "medicine": 2, "quantity": 3}}, {"model": "user.formmedicine", "pk": 6, "fields": {"form": 5, "medicine": 1, "quantity": 2}}, {"model": "user.formmedicine", "pk": 7, "fields": {"form": 5, "medicine": 3, "quantity": 3}}, {"model": "user.formmedicine", "pk": 8, "fields": {"form": 6, "medicine": 1, "quantity": 2}}, {"model": "user.formmedicine", "pk": 9, "fields": {"form": 6, "medicine": 3, "quantity": 3}}, {"model": "user.formmedicine", "pk": 10, "fields": {"form": 7, "medicine": 1, "quantity": 2}}, {"model": "user.formmedicine", "pk": 11, "fields": {"form": 7, "medicine": 3, "quantity": 3}}, {"model": "user.formmedicine", "pk": 12, "fields": {"form": 8, "medicine": 1, "quantity": 2}}, {"model": "user.formmedicine", "pk": 13, "fields": {"form": 8, "medicine": 3, "quantity": 3}}, {"model": "user.formmedicine", "pk": 14, "fields": {"form": 9, "medicine": 1, "quantity": 2}}, {"model": "user.formmedicine", "pk": 15, "fields": {"form": 9, "medicine": 3, "quantity": 3}}, {"model": "user.formmedicine", "pk": 16, "fields": {"form": 10, "medicine": 1, "quantity": 2}}, {"model": "user.formmedicine", "pk": 17, "fields": {"form": 10, "medicine": 3, "quantity": 3}}, {"model": "user.formmedicine", "pk": 18, "fields": {"form": 11, "medicine": 1, "quantity": 2}}, {"model": "user.formmedicine", "pk": 19, "fields": {"form": 11, "medicine": 3, "quantity": 3}}, {"model": "user.formmedicine", "pk": 20, "fields": {"form": 11, "medicine": 2, "quantity": 4}}, {"model": "user.formmedicine", "pk": 21, "fields": {"form": 12, "medicine": 1, "quantity": 2}}, {"model": "user.formmedicine", "pk": 22, "fields": {"form": 13, "medicine": 1, "quantity": 2}}, {"model": "user.formmedicine", "pk": 23, "fields": {"form": 14, "medicine": 1, "quantity": 2}}, {"model": "user.formmedicine", "pk": 24, "fields": {"form": 16, "medicine": 1, "quantity": 4}}, {"model": "user.formmedicine", "pk": 25, "fields": {"form": 16, "medicine": 3, "quantity": 2}}, {"model": "user.formmedicine", "pk": 26, "fields": {"form": 17, "medicine": 1, "quantity": 4}}, {"model": "user.formmedicine", "pk": 27, "fields": {"form": 17, "medicine": 3, "quantity": 3}}, {"model": "user.formmedicine", "pk": 28, "fields": {"form": 17, "medicine": 2, "quantity": 4}}, {"model": "user.formmedicine", "pk": 29, "fields": {"form": 18, "medicine": 1, "quantity": 4}}, {"model": "user.formmedicine", "pk": 30, "fields": {"form": 18, "medicine": 3, "quantity": 3}}, {"model": "user.formmedicine", "pk": 31, "fields": {"form": 18, "medicine": 2, "quantity": 4}}, {"model": "user.formmedicine", "pk": 32, "fields": {"form": 19, "medicine": 1, "quantity": 1}}, {"model": "user.formmedicine", "pk": 33, "fields": {"form": 19, "medicine": 2, "quantity": 2}}, {"model": "user.formmedicine", "pk": 34, "fields": {"form": 20, "medicine": 1, "quantity": 1}}, {"model": "user.formmedicine", "pk": 35, "fields": {"form": 20, "medicine": 3, "quantity": 1}}, {"model": "user.formmedicine", "pk": 36, "fields": {"form": 21, "medicine": 1, "quantity": 1}}, {"model": "user.formmedicine", "pk": 37, "fields": {"form": 21, "medicine": 3, "quantity": 1}}, {"model": "user.formmedicine", "pk": 38, "fields": {"form": 22, "medicine": 1, "quantity": 2}}, {"model": "user.formmedicine", "pk": 39, "fields": {"form": 22, "medicine": 2, "quantity": 3}}, {"model": "user.formmedicine", "pk": 40, "fields": {"form": 25, "medicine": 1, "quantity": 1}}, {"model": "user.formmedicine", "pk": 41, "fields": {"form": 25, "medicine": 2, "quantity": 3}}, {"model": "user.formmedicine", "pk": 42, "fields": {"form": 26, "medicine": 1, "quantity": 3}}, {"model": "user.formmedicine", "pk": 43, "fields": {"form": 27, "medicine": 1, "quantity": 1}}, {"model": "user.formmedicine", "pk": 44, "fields": {"form": 27, "medicine": 3, "quantity": 1}}, {"model": "user.formmedicine", "pk": 45, "fields": {"form": 28, "medicine": 1, "quantity": 1}}, {"model": "user.formmedicine", "pk": 46, "fields": {"form": 28, "medicine": 2, "quantity": 1}}, {"model": "user.formmedicine", "pk": 47, "fields": {"form": 29, "medicine": 1, "quantity": 1}}, {"model": "user.formmedicine", "pk": 48, "fields": {"form": 29, "medicine": 1, "quantity": 1}}, {"model": "user.test", "pk": 1, "fields": {"test_name": "test1"}}, {"model": "user.test", "pk": 2, "fields": {"test_name": "test2"}}, {"model": "user.test", "pk": 3, "fields": {"test_name": "test3"}}, {"model": "user.formtest", "pk": 1, "fields": {"form": 2, "test": 1, "lab": "N/A", "cost": "1.00"}}, {"model": "user.formtest", "pk": 2, "fields": {"form": 3, "test": 1, "lab": "N/A", "cost": "1.00"}}, {"model": "user.formtest", "pk": 3, "fields": {"form": 3, "test": 2, "lab": "N/A", "cost": "3.00"}}, {"model": "user.formtest", "pk": 4, "fields": {"form": 6, "test": 1, "lab": "N/A", "cost": "1.00"}}, {"model": "user.formtest", "pk": 5, "fields": {"form": 6, "test": 2, "lab": "N/A", "cost": "3.00"}}, {"model": "user.formtest", "pk": 6, "fields": {"form": 7, "test": 1, "lab": "N/A", "cost": "1.00"}}, {"model": "user.formtest", "pk": 7, "fields": {"form": 7, "test": 2, "lab": "N/A", "cost": "3.00"}}, {"model": "user.formtest", "pk": 8, "fields": {"form": 9, "test": 1, "lab": "N/A", "cost": "1.00"}}, {"model": "user.formtest", "pk": 9, "fields": {"form": 9, "test": 2, "lab": "N/A", "cost": "3.00"}}, {"model": "user.formtest", "pk": 10, "fields": {"form": 10, "test": 1, "lab": "N/A", "cost": "1.00"}}, {"model": "user.formtest", "pk": 11, "fields": {"form": 10, "test": 2, "lab": "N/A", "cost": "3.00"}}, {"model": "user.formtest", "pk": 12, "fields": {"form": 11, "test": 1, "lab": "N/A", "cost": "1.00"}}, {"model": "user.formtest", "pk": 13, "fields": {"form": 11, "test": 2, "lab": "N/A", "cost": "3.00"}}, {"model": "user.formtest", "pk": 14, "fields": {"form": 14, "test": 1, "lab": "N/A", "cost": "1.00"}}, {"model": "user.formtest", "pk": 15, "fields": {"form": 14, "test": 2, "lab": "N/A", "cost": "3.00"}}, {"model": "user.formtest", "pk": 16, "fields": {"form": 16, "test": 1, "lab": "N/A", "cost": "10.00"}}, {"model": "user.formtest", "pk": 17, "fields": {"form": 16, "test": 2, "lab": "N/A", "cost": "20.00"}}, {"model": "user.formtest", "pk": 18, "fields": {"form": 17, "test": 1, "lab": "N/A", "cost": "10.00"}}, {"model": "user.formtest", "pk": 19, "fields": {"form": 17, "test": 2, "lab": "N/A", "cost": "20.00"}}, {"model": "user.formtest", "pk": 20, "fields": {"form": 18, "test": 1, "lab": "N/A", "cost": "10.00"}}, {"model": "user.formtest", "pk": 21, "fields": {"form": 18, "test": 2, "lab": "N/A", "cost": "20.00"}}, {"model": "user.formtest", "pk": 22, "fields": {"form": 19, "test": 1, "lab": "l1", "cost": "100.00"}}, {"model": "user.formtest", "pk": 23, "fields": {"form": 19, "test": 2, "lab": "l2", "cost": "200.00"}}, {"model": "user.formtest", "pk": 24, "fields": {"form": 19, "test": 3, "lab": "l3", "cost": "300.00"}}, {"model": "user.formtest", "pk": 25, "fields": {"form": 21, "test": 1, "lab": "a1", "cost": "12.00"}}, {"model": "user.formtest", "pk": 26, "fields": {"form": 21, "test": 3, "lab": "a2", "cost": "12.00"}}, {"model": "user.formtest", "pk": 27, "fields": {"form": 22, "test": 1, "lab": "N/A", "cost": "100.00"}}, {"model": "user.formtest", "pk": 28, "fields": {"form": 22, "test": 2, "lab": "N/A", "cost": "200.00"}}, {"model": "user.formtest", "pk": 29, "fields": {"form": 22, "test": 3, "lab": "N/A", "cost": "300.00"}}, {"model": "user.formtest", "pk": 30, "fields": {"form": 26, "test": 1, "lab": "N/A", "cost": "101.00"}}, {"model": "user.formtest", "pk": 31, "fields": {"form": 26, "test": 2, "lab": "N/A", "cost": "102.00"}}, {"model": "user.formtest", "pk": 32, "fields": {"form": 27, "test": 1, "lab": "N/A", "cost": "0.02"}}, {"model": "user.formtest", "pk": 33, "fields": {"form": 27, "test": 1, "lab": "N/A", "cost": "0.02"}}, {"model": "user.formtest", "pk": 34, "fields": {"form": 28, "test": 1, "lab": "N/A", "cost": "100.00"}}, {"model": "user.formtest", "pk": 35, "fields": {"form": 28, "test": 1, "lab": "N/A", "cost": "100.00"}}, {"model": "user.formtest", "pk": 36, "fields": {"form": 29, "test": 1, "lab": "ln32", "cost": "1.00"}}, {"model": "user.formtest", "pk": 37, "fields": {"form": 29, "test": 1, "lab": "ln32", "cost": "2.00"}}, {"model": "admin.logentry", "pk": 1, "fields": {"action_time": "2022-03-23T12:06:47.656Z", "user": 1, "content_type": 5, "object_id": "2", "object_repr": "2", "action_flag": 1, "change_message": "[{\"added\": {}}]"}}, {"model": "admin.logentry", "pk": 2, "fields": {"action_time": "2022-03-23T12:06:57.415Z", "user": 1, "content_type": 8, "object_id": "1", "object_repr": "1", "action_flag": 1, "change_message": "[{\"added\": {}}]"}}, {"model": "admin.logentry", "pk": 3, "fields": {"action_time": "2022-03-23T12:08:45.361Z", "user": 1, "content_type": 3, "object_id": "1", "object_repr": "1", "action_flag": 1, "change_message": "[{\"added\": {}}]"}}, {"model": "admin.logentry", "pk": 4, "fields": {"action_time": "2022-03-23T12:08:57.892Z", "user": 1, "content_type": 3, "object_id": "2", "object_repr": "2", "action_flag": 1, "change_message": "[{\"added\": {}}]"}}, {"model": "admin.logentry", "pk": 5, "fields": {"action_time": "2022-03-23T12:09:10.446Z", "user": 1, "content_type": 3, "object_id": "1", "object_repr": "1", "action_flag": 2, "change_message": "[{\"changed\": {\"fields\": [\"Medicine name\", \"Brand\", \"Price\"]}}]"}}, {"model": "admin.logentry", "pk": 6, "fields": {"action_time": "2022-03-23T12:09:19.124Z", "user": 1, "content_type": 3, "object_id": "3", "object_repr": "3", "action_flag": 1, "change_message": "[{\"added\": {}}]"}}, {"model": "admin.logentry", "pk": 7, "fields": {"action_time": "2022-03-23T12:09:26.683Z", "user": 1, "content_type": 4, "object_id": "1", "object_repr": "1", "action_flag": 1, "change_message": "[{\"added\": {}}]"}}, {"model": "admin.logentry", "pk": 8, "fields": {"action_time": "2022-03-23T12:09:30.828Z", "user": 1, "content_type": 4, "object_id": "2", "object_repr": "2", "action_flag": 1, "change_message": "[{\"added\": {}}]"}}, {"model": "admin.logentry", "pk": 9, "fields": {"action_time": "2022-03-23T12:09:33.543Z", "user": 1, "content_type": 4, "object_id": "3", "object_repr": "3", "action_flag": 1, "change_message": "[{\"added\": {}}]"}}, {"model": "admin.logentry", "pk": 10, "fields": {"action_time": "2022-03-24T17:07:35.498Z", "user": 1, "content_type": 1, "object_id": "1", "object_repr": "1", "action_flag": 2, "change_message": "[{\"changed\": {\"fields\": [\"Specialization\"]}}]"}}, {"model": "admin.logentry", "pk": 11, "fields": {"action_time": "2022-03-24T17:07:38.890Z", "user": 1, "content_type": 1, "object_id": "1", "object_repr": "1", "action_flag": 2, "change_message": "[{\"changed\": {\"fields\": [\"Specialization\"]}}]"}}, {"model": "admin.logentry", "pk": 12, "fields": {"action_time": "2022-03-24T17:07:43.124Z", "user": 1, "content_type": 1, "object_id": "2", "object_repr": "2", "action_flag": 2, "change_message": "[{\"changed\": {\"fields\": [\"Specialization\"]}}]"}}, {"model": "admin.logentry", "pk": 13, "fields": {"action_time": "2022-03-25T12:11:01.641Z", "user": 1, "content_type": 5, "object_id": "6", "object_repr": "6", "action_flag": 1, "change_message": "[{\"added\": {}}]"}}, {"model": "admin.logentry", "pk": 14, "fields": {"action_time": "2022-03-25T12:12:13.837Z", "user": 1, "content_type": 5, "object_id": "6", "object_repr": "6", "action_flag": 2, "change_message": "[{\"changed\": {\"fields\": [\"Password\"]}}]"}}, {"model": "auth.permission", "pk": 1, "fields": {"name": "Can add doctor", "content_type": 1, "codename": "add_doctor"}}, {"model": "auth.permission", "pk": 2, "fields": {"name": "Can change doctor", "content_type": 1, "codename": "change_doctor"}}, {"model": "auth.permission", "pk": 3, "fields": {"name": "Can delete doctor", "content_type": 1, "codename": "delete_doctor"}}, {"model": "auth.permission", "pk": 4, "fields": {"name": "Can view doctor", "content_type": 1, "codename": "view_doctor"}}, {"model": "auth.permission", "pk": 5, "fields": {"name": "Can add form", "content_type": 2, "codename": "add_form"}}, {"model": "auth.permission", "pk": 6, "fields": {"name": "Can change form", "content_type": 2, "codename": "change_form"}}, {"model": "auth.permission", "pk": 7, "fields": {"name": "Can delete form", "content_type": 2, "codename": "delete_form"}}, {"model": "auth.permission", "pk": 8, "fields": {"name": "Can view form", "content_type": 2, "codename": "view_form"}}, {"model": "auth.permission", "pk": 9, "fields": {"name": "Can add medicine", "content_type": 3, "codename": "add_medicine"}}, {"model": "auth.permission", "pk": 10, "fields": {"name": "Can change medicine", "content_type": 3, "codename": "change_medicine"}}, {"model": "auth.permission", "pk": 11, "fields": {"name": "Can delete medicine", "content_type": 3, "codename": "delete_medicine"}}, {"model": "auth.permission", "pk": 12, "fields": {"name": "Can view medicine", "content_type": 3, "codename": "view_medicine"}}, {"model": "auth.permission", "pk": 13, "fields": {"name": "Can add test", "content_type": 4, "codename": "add_test"}}, {"model": "auth.permission", "pk": 14, "fields": {"name": "Can change test", "content_type": 4, "codename": "change_test"}}, {"model": "auth.permission", "pk": 15, "fields": {"name": "Can delete test", "content_type": 4, "codename": "delete_test"}}, {"model": "auth.permission", "pk": 16, "fields": {"name": "Can view test", "content_type": 4, "codename": "view_test"}}, {"model": "auth.permission", "pk": 17, "fields": {"name": "Can add user", "content_type": 5, "codename": "add_user"}}, {"model": "auth.permission", "pk": 18, "fields": {"name": "Can change user", "content_type": 5, "codename": "change_user"}}, {"model": "auth.permission", "pk": 19, "fields": {"name": "Can delete user", "content_type": 5, "codename": "delete_user"}}, {"model": "auth.permission", "pk": 20, "fields": {"name": "Can view user", "content_type": 5, "codename": "view_user"}}, {"model": "auth.permission", "pk": 21, "fields": {"name": "Can add transaction", "content_type": 6, "codename": "add_transaction"}}, {"model": "auth.permission", "pk": 22, "fields": {"name": "Can change transaction", "content_type": 6, "codename": "change_transaction"}}, {"model": "auth.permission", "pk": 23, "fields": {"name": "Can delete transaction", "content_type": 6, "codename": "delete_transaction"}}, {"model": "auth.permission", "pk": 24, "fields": {"name": "Can view transaction", "content_type": 6, "codename": "view_transaction"}}, {"model": "auth.permission", "pk": 25, "fields": {"name": "Can add patient", "content_type": 7, "codename": "add_patient"}}, {"model": "auth.permission", "pk": 26, "fields": {"name": "Can change patient", "content_type": 7, "codename": "change_patient"}}, {"model": "auth.permission", "pk": 27, "fields": {"name": "Can delete patient", "content_type": 7, "codename": "delete_patient"}}, {"model": "auth.permission", "pk": 28, "fields": {"name": "Can view patient", "content_type": 7, "codename": "view_patient"}}, {"model": "auth.permission", "pk": 29, "fields": {"name": "Can add hc admin", "content_type": 8, "codename": "add_hcadmin"}}, {"model": "auth.permission", "pk": 30, "fields": {"name": "Can change hc admin", "content_type": 8, "codename": "change_hcadmin"}}, {"model": "auth.permission", "pk": 31, "fields": {"name": "Can delete hc admin", "content_type": 8, "codename": "delete_hcadmin"}}, {"model": "auth.permission", "pk": 32, "fields": {"name": "Can view hc admin", "content_type": 8, "codename": "view_hcadmin"}}, {"model": "auth.permission", "pk": 33, "fields": {"name": "Can add form test", "content_type": 9, "codename": "add_formtest"}}, {"model": "auth.permission", "pk": 34, "fields": {"name": "Can change form test", "content_type": 9, "codename": "change_formtest"}}, {"model": "auth.permission", "pk": 35, "fields": {"name": "Can delete form test", "content_type": 9, "codename": "delete_formtest"}}, {"model": "auth.permission", "pk": 36, "fields": {"name": "Can view form test", "content_type": 9, "codename": "view_formtest"}}, {"model": "auth.permission", "pk": 37, "fields": {"name": "Can add form medicine", "content_type": 10, "codename": "add_formmedicine"}}, {"model": "auth.permission", "pk": 38, "fields": {"name": "Can change form medicine", "content_type": 10, "codename": "change_formmedicine"}}, {"model": "auth.permission", "pk": 39, "fields": {"name": "Can delete form medicine", "content_type": 10, "codename": "delete_formmedicine"}}, {"model": "auth.permission", "pk": 40, "fields": {"name": "Can view form medicine", "content_type": 10, "codename": "view_formmedicine"}}, {"model": "auth.permission", "pk": 41, "fields": {"name": "Can add accounts", "content_type": 11, "codename": "add_accounts"}}, {"model": "auth.permission", "pk": 42, "fields": {"name": "Can change accounts", "content_type": 11, "codename": "change_accounts"}}, {"model": "auth.permission", "pk": 43, "fields": {"name": "Can delete accounts", "content_type": 11, "codename": "delete_accounts"}}, {"model": "auth.permission", "pk": 44, "fields": {"name": "Can view accounts", "content_type": 11, "codename": "view_accounts"}}, {"model": "auth.permission", "pk": 45, "fields": {"name": "Can add log entry", "content_type": 12, "codename": "add_logentry"}}, {"model": "auth.permission", "pk": 46, "fields": {"name": "Can change log entry", "content_type": 12, "codename": "change_logentry"}}, {"model": "auth.permission", "pk": 47, "fields": {"name": "Can delete log entry", "content_type": 12, "codename": "delete_logentry"}}, {"model": "auth.permission", "pk": 48, "fields": {"name": "Can view log entry", "content_type": 12, "codename": "view_logentry"}}, {"model": "auth.permission", "pk": 49, "fields": {"name": "Can add permission", "content_type": 13, "codename": "add_permission"}}, {"model": "auth.permission", "pk": 50, "fields": {"name": "Can change permission", "content_type": 13, "codename": "change_permission"}}, {"model": "auth.permission", "pk": 51, "fields": {"name": "Can delete permission", "content_type": 13, "codename": "delete_permission"}}, {"model": "auth.permission", "pk": 52, "fields": {"name": "Can view permission", "content_type": 13, "codename": "view_permission"}}, {"model": "auth.permission", "pk": 53, "fields": {"name": "Can add group", "content_type": 14, "codename": "add_group"}}, {"model": "auth.permission", "pk": 54, "fields": {"name": "Can change group", "content_type": 14, "codename": "change_group"}}, {"model": "auth.permission", "pk": 55, "fields": {"name": "Can delete group", "content_type": 14, "codename": "delete_group"}}, {"model": "auth.permission", "pk": 56, "fields": {"name": "Can view group", "content_type": 14, "codename": "view_group"}}, {"model": "auth.permission", "pk": 57, "fields": {"name": "Can add user", "content_type": 15, "codename": "add_user"}}, {"model": "auth.permission", "pk": 58, "fields": {"name": "Can change user", "content_type": 15, "codename": "change_user"}}, {"model": "auth.permission", "pk": 59, "fields": {"name": "Can delete user", "content_type": 15, "codename": "delete_user"}}, {"model": "auth.permission", "pk": 60, "fields": {"name": "Can view user", "content_type": 15, "codename": "view_user"}}, {"model": "auth.permission", "pk": 61, "fields": {"name": "Can add content type", "content_type": 16, "codename": "add_contenttype"}}, {"model": "auth.permission", "pk": 62, "fields": {"name": "Can change content type", "content_type": 16, "codename": "change_contenttype"}}, {"model": "auth.permission", "pk": 63, "fields": {"name": "Can delete content type", "content_type": 16, "codename": "delete_contenttype"}}, {"model": "auth.permission", "pk": 64, "fields": {"name": "Can view content type", "content_type": 16, "codename": "view_contenttype"}}, {"model": "auth.permission", "pk": 65, "fields": {"name": "Can add session", "content_type": 17, "codename": "add_session"}}, {"model": "auth.permission", "pk": 66, "fields": {"name": "Can change session", "content_type": 17, "codename": "change_session"}}, {"model": "auth.permission", "pk": 67, "fields": {"name": "Can delete session", "content_type": 17, "codename": "delete_session"}}, {"model": "auth.permission", "pk": 68, "fields": {"name": "Can view session", "content_type": 17, "codename": "view_session"}}, {"model": "auth.user", "pk": 1, "fields": {"password": "pbkdf2_sha256$320000$jv0hX49hJ4GQ5FJTgvpK1D$L0rUyklmjd4m8gZbCnCIwQxyHD2gabm9ba+nz7aLjog=", "last_login": "2022-03-25T12:39:28.480Z", "is_superuser": true, "username": "team", "first_name": "", "last_name": "", "email": "", "is_staff": true, "is_active": true, "date_joined": "2022-03-23T11:56:57.272Z", "groups": [], "user_permissions": []}}, {"model": "contenttypes.contenttype", "pk": 1, "fields": {"app_label": "user", "model": "doctor"}}, {"model": "contenttypes.contenttype", "pk": 2, "fields": {"app_label": "user", "model": "form"}}, {"model": "contenttypes.contenttype", "pk": 3, "fields": {"app_label": "user", "model": "medicine"}}, {"model": "contenttypes.contenttype", "pk": 4, "fields": {"app_label": "user", "model": "test"}}, {"model": "contenttypes.contenttype", "pk": 5, "fields": {"app_label": "user", "model": "user"}}, {"model": "contenttypes.contenttype", "pk": 6, "fields": {"app_label": "user", "model": "transaction"}}, {"model": "contenttypes.contenttype", "pk": 7, "fields": {"app_label": "user", "model": "patient"}}, {"model": "contenttypes.contenttype", "pk": 8, "fields": {"app_label": "user", "model": "hcadmin"}}, {"model": "contenttypes.contenttype", "pk": 9, "fields": {"app_label": "user", "model": "formtest"}}, {"model": "contenttypes.contenttype", "pk": 10, "fields": {"app_label": "user", "model": "formmedicine"}}, {"model": "contenttypes.contenttype", "pk": 11, "fields": {"app_label": "user", "model": "accounts"}}, {"model": "contenttypes.contenttype", "pk": 12, "fields": {"app_label": "admin", "model": "logentry"}}, {"model": "contenttypes.contenttype", "pk": 13, "fields": {"app_label": "auth", "model": "permission"}}, {"model": "contenttypes.contenttype", "pk": 14, "fields": {"app_label": "auth", "model": "group"}}, {"model": "contenttypes.contenttype", "pk": 15, "fields": {"app_label": "auth", "model": "user"}}, {"model": "contenttypes.contenttype", "pk": 16, "fields": {"app_label": "contenttypes", "model": "contenttype"}}, {"model": "contenttypes.contenttype", "pk": 17, "fields": {"app_label": "sessions", "model": "session"}}, {"model": "sessions.session", "pk": "vxr0yuo39gn3djunthaj7lxmw2qjl53x", "fields": {"session_data": ".eJxVjE0OgjAQhe_StWlop6SDS_eeoRk6g0WlJBRWxrtbDAvdvOT9fS8VaFtT2IosYWR1VkadfrOe4kPyXvCd8m3Wcc7rMvZ6n-ijLfo6szwvx_YPkKik-h6AGNFj44QGyyKOjfUsjfFdA1WQyTlgj9i2ZBFa6wGj7QigMwwVuuMyTVJpKRJPYw5f-_4A5cdAFg:1nXjfL:eMACjIfRb-7uGsQ0HwO4x2PwQzRXO1I0_K6SWgxQGxI", "expire_date": "2022-04-08T13:07:43.827Z"}}, {"model": "sessions.session", "pk": "yn9f4jkus3t19rlxtniobg66rsg6whmd", "fields": {"session_data": ".eJxVjDsOwyAQRO9CHSFgsVinTJ8zoDW7Ds4HS8auotw9WHLjZop5b-artipLoY-oq6pUUp7Wqi4q0rbmuLM4cUP23A2UXlJ2wE8qj1mnuazLNOhd0Qet-j6zvG-HezrIVHNbj0CMGNB4odGxiGfrAouxoTfQApm8Bw6IXUcOoXMBMLmeAHrLoH5_WDo-nw:1nXRGY:bv0SXnsDS7-_ENzZINA9msTLGlhAJQ6ybgWHfjwHl-k", "expire_date": "2022-04-07T17:28:54.668Z"}}]