[{"model": "user.user", "pk": 1, "fields": {"name": "hcadmin_name", "username": "hcadmin_name", "roll": "121211", "email": "hcadmin_name@iitk.ac.in", "password": "$2b$12$/Mg1YSfrCLzVtGMSxnkblOiqyAhV.kkaqrEMrfwn.8ij3wOxzj/OW", "contact": "hcadmin_na", "address": "hcadmin_name", "designation": "hcadmin_name", "roles": "hcadmin"}}, {"model": "user.user", "pk": 2, "fields": {"name": "sanchits", "username": "sanchits", "roll": "190753", "email": "sanchits@iitk.ac.in", "password": "$2b$12$FloobcCncr4.jhVr0UX9ueGK/dbpb12x1h1/ccHn.Qovjcx8P21g6", "contact": "21212", "address": "`21212", "designation": "sanchits", "roles": "patient"}}, {"model": "user.user", "pk": 3, "fields": {"name": "doctor_name", "username": "doctor_name", "roll": "123456", "email": "doctor_name@iitk.ac.in", "password": "$2b$12$CbghBtaunKBxRRfdNrqVUe2qwxHBGpcKqwLznRou2qNevm0oq8Iri", "contact": "", "address": "", "designation": "doctor_name", "roles": "doctor"}}, {"model": "user.user", "pk": 4, "fields": {"name": "doctor_name2", "username": "doctor_name2", "roll": "190818", "email": "doctor_name2@iitk.ac.in", "password": "$2b$12$mEy0YRDdg9gEA8UALHRw8uzXOaM8VI.uT9jV/br21oL4NiKKbNlGO", "contact": "", "address": "", "designation": "doctor_name2", "roles": "doctor"}}, {"model": "user.user", "pk": 5, "fields": {"name": "accounts_name", "username": "accounts_name", "roll": "121210", "email": "accounts_name@iitk.ac.in", "password": "$2b$12$IDh/lZT.kKReCN5IMU8BneT08KnkEI9nbmDsVOaHPfVWL/QoYWtp2", "contact": "", "address": "", "designation": "accounts_name", "roles": "accounts"}}, {"model": "user.patient", "pk": 1, "fields": {"user": 2, "bank_name": "1212", "department": "sanchits", "bank_IFSC": "1212", "bank_AC": "121"}}, {"model": "user.doctor", "pk": 1, "fields": {"user": 3, "specialization": "EE"}}, {"model": "user.doctor", "pk": 2, "fields": {"user": 4, "specialization": ""}}, {"model": "user.hcadmin", "pk": 1, "fields": {"user": 1}}, {"model": "user.accounts", "pk": 1, "fields": {"user": 5}}, {"model": "user.form", "pk": 1, "fields": {"patient": 1, "patient_name": "sinha", "relationship": "no", "hc_medical_advisor": 1, "consultation_date": "2022-03-15", "referral_advisor": "sdf", "consultation_fees": 23, "consultation_visits": 1, "created_date": "2022-03-20T09:17:13.885Z"}}, {"model": "user.form", "pk": 2, "fields": {"patient": 1, "patient_name": "sinha", "relationship": "no", "hc_medical_advisor": 1, "consultation_date": "2022-03-15", "referral_advisor": "sdf", "consultation_fees": 23, "consultation_visits": 1, "created_date": "2022-03-20T09:18:56.731Z"}}, {"model": "user.form", "pk": 3, "fields": {"patient": 1, "patient_name": "asdad", "relationship": "asd", "hc_medical_advisor": 1, "consultation_date": "2021-03-09", "referral_advisor": "sasa", "consultation_fees": 12, "consultation_visits": 1, "created_date": "2022-03-20T09:19:50.301Z"}}, {"model": "user.form", "pk": 4, "fields": {"patient": 1, "patient_name": "asdad", "relationship": "asd", "hc_medical_advisor": 1, "consultation_date": "2021-03-09", "referral_advisor": "sasa", "consultation_fees": 12, "consultation_visits": 1, "created_date": "2022-03-20T09:23:31.016Z"}}, {"model": "user.form", "pk": 5, "fields": {"patient": 1, "patient_name": "asdad", "relationship": "asd", "hc_medical_advisor": 1, "consultation_date": "2022-03-10", "referral_advisor": "qwqw", "consultation_fees": 10, "consultation_visits": 2, "created_date": "2022-03-20T09:24:16.486Z"}}, {"model": "user.form", "pk": 6, "fields": {"patient": 1, "patient_name": "asdad", "relationship": "asd", "hc_medical_advisor": 1, "consultation_date": "2022-03-10", "referral_advisor": "qwqw", "consultation_fees": 10, "consultation_visits": 2, "created_date": "2022-03-20T09:25:11.977Z"}}, {"model": "user.form", "pk": 7, "fields": {"patient": 1, "patient_name": "asdad", "relationship": "asd", "hc_medical_advisor": 1, "consultation_date": "2022-03-10", "referral_advisor": "qwqw", "consultation_fees": 10, "consultation_visits": 2, "created_date": "2022-03-20T09:26:47.675Z"}}, {"model": "user.form", "pk": 8, "fields": {"patient": 1, "patient_name": "patient-1", "relationship": "no-1", "hc_medical_advisor": 2, "consultation_date": "", "referral_advisor": "sp-1", "consultation_fees": 10000, "consultation_visits": 3, "created_date": "2022-03-20T09:33:59.344Z"}}, {"model": "user.form", "pk": 9, "fields": {"patient": 1, "patient_name": "pat-1", "relationship": "no-1", "hc_medical_advisor": 2, "consultation_date": "2022-03-08", "referral_advisor": "spl-1", "consultation_fees": 121, "consultation_visits": 2, "created_date": "2022-03-20T09:36:17.669Z"}}, {"model": "user.form", "pk": 10, "fields": {"patient": 1, "patient_name": "pat-2", "relationship": "npo-2", "hc_medical_advisor": 2, "consultation_date": "2022-03-10", "referral_advisor": "spl-2", "consultation_fees": 1000, "consultation_visits": 2, "created_date": "2022-03-20T09:42:58.918Z"}}, {"model": "user.form", "pk": 11, "fields": {"patient": 1, "patient_name": "pat-3", "relationship": "fther", "hc_medical_advisor": 2, "consultation_date": "2022-03-08", "referral_advisor": "spl-3", "consultation_fees": 121, "consultation_visits": 2, "created_date": "2022-03-20T09:45:23.935Z"}}, {"model": "user.form", "pk": 12, "fields": {"patient": 1, "patient_name": "pat-new0", "relationship": "emp-new0", "hc_medical_advisor": 2, "consultation_date": "2022-03-03", "referral_advisor": "spl-new0", "consultation_fees": 1212, "consultation_visits": 1, "created_date": "2022-03-20T10:19:48.854Z"}}, {"model": "user.form", "pk": 13, "fields": {"patient": 1, "patient_name": "pat-new1", "relationship": "emp-new1", "hc_medical_advisor": 1, "consultation_date": "2022-03-08", "referral_advisor": "spl-new1", "consultation_fees": 1212, "consultation_visits": 2, "created_date": "2022-03-20T10:21:38.379Z"}}, {"model": "user.transaction", "pk": 1, "fields": {"form": 5, "status": "Rejected by Accounts", "reimbursement_amount": "287.00", "feedback": "gotoAC,rej", "created_date": "2022-03-20T09:24:16.493Z", "admin_update_date": null, "doctor_update_date": "2022-03-20T10:31:53.133Z", "account_sent_date": "2022-03-20T10:32:15.951Z", "account_approve_date": null}}, {"model": "user.transaction", "pk": 2, "fields": {"form": 6, "status": "Form submitted", "reimbursement_amount": "287.00", "feedback": "", "created_date": "2022-03-20T09:25:12.001Z", "admin_update_date": null, "doctor_update_date": null, "account_sent_date": null, "account_approve_date": null}}, {"model": "user.transaction", "pk": 3, "fields": {"form": 7, "status": "Form submitted", "reimbursement_amount": "287.00", "feedback": "", "created_date": "2022-03-20T09:26:47.693Z", "admin_update_date": null, "doctor_update_date": null, "account_sent_date": null, "account_approve_date": null}}, {"model": "user.transaction", "pk": 4, "fields": {"form": 9, "status": "Form submitted", "reimbursement_amount": "4156.00", "feedback": "", "created_date": "2022-03-20T09:36:17.676Z", "admin_update_date": null, "doctor_update_date": null, "account_sent_date": null, "account_approve_date": null}}, {"model": "user.transaction", "pk": 5, "fields": {"form": 10, "status": "Form submitted", "reimbursement_amount": "4824.00", "feedback": "", "created_date": "2022-03-20T09:42:58.943Z", "admin_update_date": null, "doctor_update_date": null, "account_sent_date": null, "account_approve_date": null}}, {"model": "user.transaction", "pk": 6, "fields": {"form": 11, "status": "Form submitted", "reimbursement_amount": "10023.00", "feedback": "", "created_date": "2022-03-20T09:45:23.972Z", "admin_update_date": null, "doctor_update_date": null, "account_sent_date": null, "account_approve_date": null}}, {"model": "user.transaction", "pk": 7, "fields": {"form": 12, "status": "Form submitted", "reimbursement_amount": "6214.00", "feedback": "", "created_date": "2022-03-20T10:19:48.880Z", "admin_update_date": null, "doctor_update_date": null, "account_sent_date": null, "account_approve_date": null}}, {"model": "user.transaction", "pk": 8, "fields": {"form": 13, "status": "Form submitted", "reimbursement_amount": "5244.00", "feedback": "", "created_date": "2022-03-20T10:21:38.423Z", "admin_update_date": null, "doctor_update_date": null, "account_sent_date": null, "account_approve_date": null}}, {"model": "user.medicine", "pk": 1, "fields": {"medicine_name": "seasdasd", "brand": "dsdasde", "price": "1212.00"}}, {"model": "user.medicine", "pk": 2, "fields": {"medicine_name": "dolo", "brand": "xy", "price": "122.00"}}, {"model": "user.medicine", "pk": 3, "fields": {"medicine_name": "abc", "brand": "sasdasd", "price": "2312.00"}}, {"model": "user.medicine", "pk": 4, "fields": {"medicine_name": "sdfsdfds", "brand": "fdsf", "price": "2323.00"}}, {"model": "user.formmedicine", "pk": 1, "fields": {"form": 6, "medicine": 2, "quantity": 2}}, {"model": "user.formmedicine", "pk": 2, "fields": {"form": 7, "medicine": 2, "quantity": 2}}, {"model": "user.formmedicine", "pk": 3, "fields": {"form": 8, "medicine": 2, "quantity": 3}}, {"model": "user.formmedicine", "pk": 4, "fields": {"form": 10, "medicine": 1, "quantity": 2}}, {"model": "user.formmedicine", "pk": 5, "fields": {"form": 10, "medicine": 2, "quantity": 3}}, {"model": "user.formmedicine", "pk": 6, "fields": {"form": 11, "medicine": 1, "quantity": 2}}, {"model": "user.formmedicine", "pk": 7, "fields": {"form": 11, "medicine": 2, "quantity": 3}}, {"model": "user.formmedicine", "pk": 8, "fields": {"form": 11, "medicine": 3, "quantity": 3}}, {"model": "user.formmedicine", "pk": 9, "fields": {"form": 12, "medicine": 2, "quantity": 2}}, {"model": "user.formmedicine", "pk": 10, "fields": {"form": 13, "medicine": 1, "quantity": 2}}, {"model": "user.formmedicine", "pk": 11, "fields": {"form": 13, "medicine": 2, "quantity": 3}}, {"model": "user.test", "pk": 1, "fields": {"test_name": "eye"}}, {"model": "user.test", "pk": 2, "fields": {"test_name": "ear"}}, {"model": "user.test", "pk": 3, "fields": {"test_name": "body"}}, {"model": "user.test", "pk": 4, "fields": {"test_name": "hand"}}, {"model": "user.test", "pk": 5, "fields": {"test_name": "leg"}}, {"model": "user.test", "pk": 6, "fields": {"test_name": "tetth"}}, {"model": "user.formtest", "pk": 1, "fields": {"form": 6, "test": 2, "cost": "23.00"}}, {"model": "user.formtest", "pk": 2, "fields": {"form": 7, "test": 2, "cost": "23.00"}}, {"model": "user.formtest", "pk": 3, "fields": {"form": 10, "test": 3, "cost": "12.00"}}, {"model": "user.formtest", "pk": 4, "fields": {"form": 11, "test": 1, "cost": "12.00"}}, {"model": "user.formtest", "pk": 5, "fields": {"form": 11, "test": 2, "cost": "10.00"}}, {"model": "user.formtest", "pk": 6, "fields": {"form": 11, "test": 3, "cost": "33.00"}}, {"model": "user.formtest", "pk": 7, "fields": {"form": 12, "test": 2, "cost": "112.00"}}, {"model": "user.formtest", "pk": 8, "fields": {"form": 13, "test": 1, "cost": "10.00"}}, {"model": "user.formtest", "pk": 9, "fields": {"form": 13, "test": 5, "cost": "20.00"}}, {"model": "admin.logentry", "pk": 1, "fields": {"action_time": "2022-03-20T08:26:52.706Z", "user": 1, "content_type": 5, "object_id": "1", "object_repr": "1", "action_flag": 1, "change_message": "[{\"added\": {}}]"}}, {"model": "admin.logentry", "pk": 2, "fields": {"action_time": "2022-03-20T08:26:58.556Z", "user": 1, "content_type": 8, "object_id": "1", "object_repr": "1", "action_flag": 1, "change_message": "[{\"added\": {}}]"}}, {"model": "admin.logentry", "pk": 3, "fields": {"action_time": "2022-03-20T08:36:29.820Z", "user": 1, "content_type": 1, "object_id": "1", "object_repr": "1", "action_flag": 2, "change_message": "[{\"changed\": {\"fields\": [\"Specialization\"]}}]"}}, {"model": "admin.logentry", "pk": 4, "fields": {"action_time": "2022-03-20T09:13:15.713Z", "user": 1, "content_type": 3, "object_id": "1", "object_repr": "1", "action_flag": 1, "change_message": "[{\"added\": {}}]"}}, {"model": "admin.logentry", "pk": 5, "fields": {"action_time": "2022-03-20T09:13:28.966Z", "user": 1, "content_type": 4, "object_id": "1", "object_repr": "1", "action_flag": 1, "change_message": "[{\"added\": {}}]"}}, {"model": "admin.logentry", "pk": 6, "fields": {"action_time": "2022-03-20T09:13:33.967Z", "user": 1, "content_type": 4, "object_id": "2", "object_repr": "2", "action_flag": 1, "change_message": "[{\"added\": {}}]"}}, {"model": "admin.logentry", "pk": 7, "fields": {"action_time": "2022-03-20T09:13:39.558Z", "user": 1, "content_type": 4, "object_id": "3", "object_repr": "3", "action_flag": 1, "change_message": "[{\"added\": {}}]"}}, {"model": "admin.logentry", "pk": 8, "fields": {"action_time": "2022-03-20T09:13:41.672Z", "user": 1, "content_type": 4, "object_id": "4", "object_repr": "4", "action_flag": 1, "change_message": "[{\"added\": {}}]"}}, {"model": "admin.logentry", "pk": 9, "fields": {"action_time": "2022-03-20T09:13:44.179Z", "user": 1, "content_type": 4, "object_id": "5", "object_repr": "5", "action_flag": 1, "change_message": "[{\"added\": {}}]"}}, {"model": "admin.logentry", "pk": 10, "fields": {"action_time": "2022-03-20T09:13:46.688Z", "user": 1, "content_type": 4, "object_id": "6", "object_repr": "6", "action_flag": 1, "change_message": "[{\"added\": {}}]"}}, {"model": "admin.logentry", "pk": 11, "fields": {"action_time": "2022-03-20T09:13:55.603Z", "user": 1, "content_type": 3, "object_id": "2", "object_repr": "2", "action_flag": 1, "change_message": "[{\"added\": {}}]"}}, {"model": "admin.logentry", "pk": 12, "fields": {"action_time": "2022-03-20T09:14:00.975Z", "user": 1, "content_type": 3, "object_id": "3", "object_repr": "3", "action_flag": 1, "change_message": "[{\"added\": {}}]"}}, {"model": "admin.logentry", "pk": 13, "fields": {"action_time": "2022-03-20T09:14:05.303Z", "user": 1, "content_type": 3, "object_id": "4", "object_repr": "4", "action_flag": 1, "change_message": "[{\"added\": {}}]"}}, {"model": "auth.permission", "pk": 1, "fields": {"name": "Can add doctor", "content_type": 1, "codename": "add_doctor"}}, {"model": "auth.permission", "pk": 2, "fields": {"name": "Can change doctor", "content_type": 1, "codename": "change_doctor"}}, {"model": "auth.permission", "pk": 3, "fields": {"name": "Can delete doctor", "content_type": 1, "codename": "delete_doctor"}}, {"model": "auth.permission", "pk": 4, "fields": {"name": "Can view doctor", "content_type": 1, "codename": "view_doctor"}}, {"model": "auth.permission", "pk": 5, "fields": {"name": "Can add form", "content_type": 2, "codename": "add_form"}}, {"model": "auth.permission", "pk": 6, "fields": {"name": "Can change form", "content_type": 2, "codename": "change_form"}}, {"model": "auth.permission", "pk": 7, "fields": {"name": "Can delete form", "content_type": 2, "codename": "delete_form"}}, {"model": "auth.permission", "pk": 8, "fields": {"name": "Can view form", "content_type": 2, "codename": "view_form"}}, {"model": "auth.permission", "pk": 9, "fields": {"name": "Can add medicine", "content_type": 3, "codename": "add_medicine"}}, {"model": "auth.permission", "pk": 10, "fields": {"name": "Can change medicine", "content_type": 3, "codename": "change_medicine"}}, {"model": "auth.permission", "pk": 11, "fields": {"name": "Can delete medicine", "content_type": 3, "codename": "delete_medicine"}}, {"model": "auth.permission", "pk": 12, "fields": {"name": "Can view medicine", "content_type": 3, "codename": "view_medicine"}}, {"model": "auth.permission", "pk": 13, "fields": {"name": "Can add test", "content_type": 4, "codename": "add_test"}}, {"model": "auth.permission", "pk": 14, "fields": {"name": "Can change test", "content_type": 4, "codename": "change_test"}}, {"model": "auth.permission", "pk": 15, "fields": {"name": "Can delete test", "content_type": 4, "codename": "delete_test"}}, {"model": "auth.permission", "pk": 16, "fields": {"name": "Can view test", "content_type": 4, "codename": "view_test"}}, {"model": "auth.permission", "pk": 17, "fields": {"name": "Can add user", "content_type": 5, "codename": "add_user"}}, {"model": "auth.permission", "pk": 18, "fields": {"name": "Can change user", "content_type": 5, "codename": "change_user"}}, {"model": "auth.permission", "pk": 19, "fields": {"name": "Can delete user", "content_type": 5, "codename": "delete_user"}}, {"model": "auth.permission", "pk": 20, "fields": {"name": "Can view user", "content_type": 5, "codename": "view_user"}}, {"model": "auth.permission", "pk": 21, "fields": {"name": "Can add transaction", "content_type": 6, "codename": "add_transaction"}}, {"model": "auth.permission", "pk": 22, "fields": {"name": "Can change transaction", "content_type": 6, "codename": "change_transaction"}}, {"model": "auth.permission", "pk": 23, "fields": {"name": "Can delete transaction", "content_type": 6, "codename": "delete_transaction"}}, {"model": "auth.permission", "pk": 24, "fields": {"name": "Can view transaction", "content_type": 6, "codename": "view_transaction"}}, {"model": "auth.permission", "pk": 25, "fields": {"name": "Can add patient", "content_type": 7, "codename": "add_patient"}}, {"model": "auth.permission", "pk": 26, "fields": {"name": "Can change patient", "content_type": 7, "codename": "change_patient"}}, {"model": "auth.permission", "pk": 27, "fields": {"name": "Can delete patient", "content_type": 7, "codename": "delete_patient"}}, {"model": "auth.permission", "pk": 28, "fields": {"name": "Can view patient", "content_type": 7, "codename": "view_patient"}}, {"model": "auth.permission", "pk": 29, "fields": {"name": "Can add hc admin", "content_type": 8, "codename": "add_hcadmin"}}, {"model": "auth.permission", "pk": 30, "fields": {"name": "Can change hc admin", "content_type": 8, "codename": "change_hcadmin"}}, {"model": "auth.permission", "pk": 31, "fields": {"name": "Can delete hc admin", "content_type": 8, "codename": "delete_hcadmin"}}, {"model": "auth.permission", "pk": 32, "fields": {"name": "Can view hc admin", "content_type": 8, "codename": "view_hcadmin"}}, {"model": "auth.permission", "pk": 33, "fields": {"name": "Can add form test", "content_type": 9, "codename": "add_formtest"}}, {"model": "auth.permission", "pk": 34, "fields": {"name": "Can change form test", "content_type": 9, "codename": "change_formtest"}}, {"model": "auth.permission", "pk": 35, "fields": {"name": "Can delete form test", "content_type": 9, "codename": "delete_formtest"}}, {"model": "auth.permission", "pk": 36, "fields": {"name": "Can view form test", "content_type": 9, "codename": "view_formtest"}}, {"model": "auth.permission", "pk": 37, "fields": {"name": "Can add form medicine", "content_type": 10, "codename": "add_formmedicine"}}, {"model": "auth.permission", "pk": 38, "fields": {"name": "Can change form medicine", "content_type": 10, "codename": "change_formmedicine"}}, {"model": "auth.permission", "pk": 39, "fields": {"name": "Can delete form medicine", "content_type": 10, "codename": "delete_formmedicine"}}, {"model": "auth.permission", "pk": 40, "fields": {"name": "Can view form medicine", "content_type": 10, "codename": "view_formmedicine"}}, {"model": "auth.permission", "pk": 41, "fields": {"name": "Can add accounts", "content_type": 11, "codename": "add_accounts"}}, {"model": "auth.permission", "pk": 42, "fields": {"name": "Can change accounts", "content_type": 11, "codename": "change_accounts"}}, {"model": "auth.permission", "pk": 43, "fields": {"name": "Can delete accounts", "content_type": 11, "codename": "delete_accounts"}}, {"model": "auth.permission", "pk": 44, "fields": {"name": "Can view accounts", "content_type": 11, "codename": "view_accounts"}}, {"model": "auth.permission", "pk": 45, "fields": {"name": "Can add log entry", "content_type": 12, "codename": "add_logentry"}}, {"model": "auth.permission", "pk": 46, "fields": {"name": "Can change log entry", "content_type": 12, "codename": "change_logentry"}}, {"model": "auth.permission", "pk": 47, "fields": {"name": "Can delete log entry", "content_type": 12, "codename": "delete_logentry"}}, {"model": "auth.permission", "pk": 48, "fields": {"name": "Can view log entry", "content_type": 12, "codename": "view_logentry"}}, {"model": "auth.permission", "pk": 49, "fields": {"name": "Can add permission", "content_type": 13, "codename": "add_permission"}}, {"model": "auth.permission", "pk": 50, "fields": {"name": "Can change permission", "content_type": 13, "codename": "change_permission"}}, {"model": "auth.permission", "pk": 51, "fields": {"name": "Can delete permission", "content_type": 13, "codename": "delete_permission"}}, {"model": "auth.permission", "pk": 52, "fields": {"name": "Can view permission", "content_type": 13, "codename": "view_permission"}}, {"model": "auth.permission", "pk": 53, "fields": {"name": "Can add group", "content_type": 14, "codename": "add_group"}}, {"model": "auth.permission", "pk": 54, "fields": {"name": "Can change group", "content_type": 14, "codename": "change_group"}}, {"model": "auth.permission", "pk": 55, "fields": {"name": "Can delete group", "content_type": 14, "codename": "delete_group"}}, {"model": "auth.permission", "pk": 56, "fields": {"name": "Can view group", "content_type": 14, "codename": "view_group"}}, {"model": "auth.permission", "pk": 57, "fields": {"name": "Can add user", "content_type": 15, "codename": "add_user"}}, {"model": "auth.permission", "pk": 58, "fields": {"name": "Can change user", "content_type": 15, "codename": "change_user"}}, {"model": "auth.permission", "pk": 59, "fields": {"name": "Can delete user", "content_type": 15, "codename": "delete_user"}}, {"model": "auth.permission", "pk": 60, "fields": {"name": "Can view user", "content_type": 15, "codename": "view_user"}}, {"model": "auth.permission", "pk": 61, "fields": {"name": "Can add content type", "content_type": 16, "codename": "add_contenttype"}}, {"model": "auth.permission", "pk": 62, "fields": {"name": "Can change content type", "content_type": 16, "codename": "change_contenttype"}}, {"model": "auth.permission", "pk": 63, "fields": {"name": "Can delete content type", "content_type": 16, "codename": "delete_contenttype"}}, {"model": "auth.permission", "pk": 64, "fields": {"name": "Can view content type", "content_type": 16, "codename": "view_contenttype"}}, {"model": "auth.permission", "pk": 65, "fields": {"name": "Can add session", "content_type": 17, "codename": "add_session"}}, {"model": "auth.permission", "pk": 66, "fields": {"name": "Can change session", "content_type": 17, "codename": "change_session"}}, {"model": "auth.permission", "pk": 67, "fields": {"name": "Can delete session", "content_type": 17, "codename": "delete_session"}}, {"model": "auth.permission", "pk": 68, "fields": {"name": "Can view session", "content_type": 17, "codename": "view_session"}}, {"model": "auth.user", "pk": 1, "fields": {"password": "pbkdf2_sha256$320000$fES8q89jz9SDfl2Mfr2m7K$1/LaavnYySi0+gCOxsbj078mSeTFB9exGB0TszXXD/Q=", "last_login": "2022-03-20T08:36:24.070Z", "is_superuser": true, "username": "team", "first_name": "", "last_name": "", "email": "team@cs253.com", "is_staff": true, "is_active": true, "date_joined": "2022-03-20T08:25:16.091Z", "groups": [], "user_permissions": []}}, {"model": "contenttypes.contenttype", "pk": 1, "fields": {"app_label": "user", "model": "doctor"}}, {"model": "contenttypes.contenttype", "pk": 2, "fields": {"app_label": "user", "model": "form"}}, {"model": "contenttypes.contenttype", "pk": 3, "fields": {"app_label": "user", "model": "medicine"}}, {"model": "contenttypes.contenttype", "pk": 4, "fields": {"app_label": "user", "model": "test"}}, {"model": "contenttypes.contenttype", "pk": 5, "fields": {"app_label": "user", "model": "user"}}, {"model": "contenttypes.contenttype", "pk": 6, "fields": {"app_label": "user", "model": "transaction"}}, {"model": "contenttypes.contenttype", "pk": 7, "fields": {"app_label": "user", "model": "patient"}}, {"model": "contenttypes.contenttype", "pk": 8, "fields": {"app_label": "user", "model": "hcadmin"}}, {"model": "contenttypes.contenttype", "pk": 9, "fields": {"app_label": "user", "model": "formtest"}}, {"model": "contenttypes.contenttype", "pk": 10, "fields": {"app_label": "user", "model": "formmedicine"}}, {"model": "contenttypes.contenttype", "pk": 11, "fields": {"app_label": "user", "model": "accounts"}}, {"model": "contenttypes.contenttype", "pk": 12, "fields": {"app_label": "admin", "model": "logentry"}}, {"model": "contenttypes.contenttype", "pk": 13, "fields": {"app_label": "auth", "model": "permission"}}, {"model": "contenttypes.contenttype", "pk": 14, "fields": {"app_label": "auth", "model": "group"}}, {"model": "contenttypes.contenttype", "pk": 15, "fields": {"app_label": "auth", "model": "user"}}, {"model": "contenttypes.contenttype", "pk": 16, "fields": {"app_label": "contenttypes", "model": "contenttype"}}, {"model": "contenttypes.contenttype", "pk": 17, "fields": {"app_label": "sessions", "model": "session"}}, {"model": "sessions.session", "pk": "626otx7vcdoa14jrnzuhfgtloi3fdexo", "fields": {"session_data": ".eJxVjEsOwiAQhu_C2hCm0BZcuvcMZAYmglqalHZlvLvUdKG7__m9hMdtTX6rvPgcxVmAOP1mhOHBZS_iHcttlmEu65JJ7hN5tFVe58jPy7H9AySsqb1NZ8AxOR4pWKdZgdHck3ZsIxlgpUwYgDrsaRibcFpDF2kgFawGxQ264wpO3GgpYJxy8V_7_gDotEB-:1nVss4:Q5c5CJYMb8hHtDGzcYDLzUu2REBXDIXEte4Tb_DuZeE", "expire_date": "2022-04-03T10:33:12.587Z"}}]